DATA COMMUNICATION & NETWORKING,1,3,1,FOROUZAN ,CS001,5TH ,1226,MCGREW,now(),0000-00-00 00:00:00
DATA COMMUNICATION & NETWORKING,1,3,1,FOROUZAN ,CS002,4TH,1136,MCGREW,now(),0000-00-00 00:00:00
DATA COMMUNICATION & NETWORKING,1,3,1,WOIDJAJA,CS008,2ND 2004,900,MCGREW,now(),0000-00-00 00:00:00
 COMMUNICATION & NETWORKINS,1,5,1,WOIDJAJA,CS009,2ND 2004,900,MCGREW,now(),0000-00-00 00:00:00
COMMUNICATION & NETWORKINS,1,5,1,WOIDJAJA,CS010,2ND 2004,900,MCGREW,now(),0000-00-00 00:00:00
 COMMUNICATION & NETWORKINS,1,5,1,WOIDJAJA,CS012,2ND ,900,MCGREW,now(),0000-00-00 00:00:00
COMPUTER & NETWORK COMMUNICATIONS,1,5,1,NADER F.MIR,CS013,4TH,417,PEARSON,now(),0000-00-00 00:00:00
COMPUTER NETWORKS,1,5,1,LARRYL PETERSON,CS015,5TH ,884,M K,now(),0000-00-00 00:00:00
INTRODUCTION TO DATA COMMUNICATION AND NETWORKING ,1,3,1,WAYNEL THOMASI,CS016,6TH ,985,PEARSON,now(),0000-00-00 00:00:00
COMPUTER NETWORKS,1,5,1,ANDREW S TAMENBAUM,CS018,4TH,891,PEARSON,now(),0000-00-00 00:00:00
COMPUTER NETWORKS,1,5,1,LARRYL PETERSON,CS019,5TH ,584,M K,now(),0000-00-00 00:00:00
COMPUTER NETWORKS,1,5,1,LARRYL PETERSON,CS020,5TH ,884,MK,now(),0000-00-00 00:00:00
COMPUTER NETWORKING,1,5,1,JEMES F.KUROSE,CS021,5TH ,888,PEARSON,now(),0000-00-00 00:00:00
COMPUTER NETWORK-II,1,5,1,T.G BASAVARAU,CS022,1ST,331,ECONOMY,now(),0000-00-00 00:00:00
COMPUTER NETWORK-II,1,5,1,N .MALATHI RAGHURAM,CS023,1ST,,PROFESSONAL,now(),0000-00-00 00:00:00
COMPUTER NETWORK-II,1,5,1,V S BAGAD,CS024,1ST,,TECHNICAL,now(),0000-00-00 00:00:00
COMPUTER NETWORK-II,1,5,1,BHARATH BHUSHAN AGARWAL,CS025,1ST,246,UNIVERSITY SCIENCE PRESS,now(),0000-00-00 00:00:00
NETWORKS MANAGEMENT PRINCIPLES & PRACTICE,1,5,1,MANI SUBRAMANIAM,CS026,1ST,662,PEARSON,now(),0000-00-00 00:00:00
DATA COMPUTER COMMUNICATION ,1,5,1,VILLIAN STALLINGS,CS027,8TH,834,PEARSON,now(),0000-00-00 00:00:00
 DATA COMMUNICATION NETWORKING,1,3,1,FOROUZAN ,CS029,5TH ,1226,MCGREW,now(),0000-00-00 00:00:00
WIRELESS COMMUNICATION AND NETWORKING,1,5,1,WILLIAM STALLINGS,CS030,2ND,598,PEARSON,now(),0000-00-00 00:00:00
 DATA COMMUNICATION NETWORKING,1,3,1,FOROUZAN ,CS031,3RD,973,MCGREW,now(),0000-00-00 00:00:00
NETWORKS MANAGEMENT PRINCIPLES & PRACTICE,1,5,1,THE ORDER S RAPPAPORT,CS032,2ND,707,EASTERN ECONOMY,now(),0000-00-00 00:00:00
NETWORKS SECURITY ESSENTIALS APPLICATION AND STANDARDS,1,5,1,WILLIAM STALLINGS,CS033,`4TH,417,PEARSON,now(),0000-00-00 00:00:00
DIGITAL COMMUNICATIN ,1,3,1,SIMON HAYKIN,CS035,1ST,597,WILLEY INDIA,now(),0000-00-00 00:00:00
WIRLESS DIGITAL COMMUNICATIN ,1,3,1,DR.KAMILO FEHER,CS036,1ST,524,ASHOK K GOSH,now(),0000-00-00 00:00:00
WIRELESS COMMUNICATION AND NETWORK,1,5,1,ITI SHAHA MISRA,CS037,2ND,551,MCGREW,now(),0000-00-00 00:00:00
ADHOC WIRELESS NETWORKS,1,5,1,OZAL K TONGUZ,CS038,1ST,330,WILLEY INDIA,now(),0000-00-00 00:00:00
CLIENT/SERVER COMPUTING,1,5,1,PATRIC SMITH,CS039,2ND,354,ASHOK K GOSH,now(),0000-00-00 00:00:00
DATA AND COMPUTER COMMNICATION,1,3,1,RACHANA SHARMA,CS040,1ST,136,UNIVERSITY SCIENCE PRESS,now(),0000-00-00 00:00:00
COMMUNICATION PROTOCOL ENGINEERING,1,5,1,PALLAPA VENKATARAM,CS041,1ST,284,ASHOK K GOSH,now(),0000-00-00 00:00:00
MULTI MEDIA COMPUTING COMMUNICATION AND APPLICATION ,1,5,1,RALF STEINMETZ,CS042,1ST,854,PEARSON,now(),0000-00-00 00:00:00
MULTI MEDIA COMMUNICATIONS,1,5,1,FRED HALSALL,CS044,1ST,1056,PEARSON,now(),0000-00-00 00:00:00
INTRODUCTION TO MULTIMEDI COMMUNICATIONS,1,5,1,K R RAO,CS045,1ST,732,WILLEY INDIA,now(),0000-00-00 00:00:00
 MULTIMEDIA,1,5,1,SUJATHA PANDEY,CS046,1ST,312,S K KATARIA & SONS,now(),0000-00-00 00:00:00
PRINCIPLES OF  INFORMATION SECURITY,1,7,1,MICHEL E WHITMAN,CS047,4TH,616,,now(),0000-00-00 00:00:00
PRINCIPLES OF  INFORMATION SECURITY,1,7,1,MICHEL E WHITMAN,CS048,4TH,618,,now(),0000-00-00 00:00:00
CRYPTOGRAPHY AND NETWORK SECURITY,1,7,1,ATUL KAHATE,CS049,1ST,434,TATA MCGREW,now(),0000-00-00 00:00:00
CRYPTOGRAPHY AND NETWORK SECURITY,1,7,1,FOROUZAN ,CS050,2ND,702,MCGREW,now(),0000-00-00 00:00:00
STORAGE NETWORKS,1,7,1,ROBERT SPALDING,CS051,2003,526,TATA MCGREW,now(),0000-00-00 00:00:00
CLOUD COMPUTING,1,4,1,DAVID S,CS055,2010,239,PEARSON,now(),0000-00-00 00:00:00
CLOUD COMPUTING,1,4,1,MICHAL MILLER,CS056,8TH,293,PEARSON,now(),0000-00-00 00:00:00
CLOUD COMPUTING,1,4,1,MICHAL MILLER,CS057,D,293,PEARSON,now(),0000-00-00 00:00:00
FUZZY SETS AND LOGIC,1,5,1,GEORGE J,CS058,1995,574,PHI,now(),0000-00-00 00:00:00
NURAL NETWORKS,1,4,1,SATHISH KUMAR,CS059,2ND,735,MCGREW,now(),0000-00-00 00:00:00
ELEMENTS OF ANN,1,4,1,KISHAN MEHROTRA,CS060,2ND,397,PRI,now(),0000-00-00 00:00:00
DATA COMMUNICATION & NETWORKING,1,3,1,BEHROUZ A F,CS062,4TH,1134,MC GREW,now(),0000-00-00 00:00:00
NURAL NETWORKS,1,4,1,SIMON HAYKIN,CS063,2ND,842,PEARSON,now(),0000-00-00 00:00:00
COMPUTER APPLICATIONS,1,,1, K.SHANKAR,CS064,1ST,252,SUBAS STORES,now(),0000-00-00 00:00:00
DATA COMPRESSION,1,6,1,KHALID SAYOOD,CS065,3RD,680,ELSEVIER,now(),0000-00-00 00:00:00
FUNDAMENTALS OF MULTIMEDIA,1,5,1,ZE-NIANLI,CS066,2004,560,PHI,now(),0000-00-00 00:00:00
MOBILE CELLULAR TELECOMMUNICATION,1,5,1,WILLIAM  C Y,CS067,2ND,664,MCGREW HILL,now(),0000-00-00 00:00:00
MOBILE COMMUNICATION,1,5,1,JOCHAN SSCHILLER,CS069,2ND,512,PEARSON,now(),0000-00-00 00:00:00
MOBILE COMPUTING,1,5,1,ASOKE HASAN,CS070,2ND,627,MCGREW HILL,now(),0000-00-00 00:00:00
DATA MINING,1,6,1,PANG-NING,CS073,1ST,769,PEARSON,now(),0000-00-00 00:00:00
DATA MINING,1,6,1,GAJENDRA SHARMA,CS074,1ST,424,KATSON BOOK,now(),0000-00-00 00:00:00
DATA MINING,1,6,1,ALEX BERSON,CS075,2004,612,MCGREW HILL,now(),0000-00-00 00:00:00
DATA MINING,1,6,1,PING -NING,CS076,1ST,769,PEARSON,now(),0000-00-00 00:00:00
DATA MINING,1,6,1,JIAWEI HAN,CS077,2ND,770,MORGON,now(),0000-00-00 00:00:00
DATA MINING,1,6,1,JIAWEI HAN,CS078,2001,550,MARGON,now(),0000-00-00 00:00:00
ARTIFICIAL INTELLIGENCE,1,6,1,ELAINE RICH,CS079,3RD,568,TATA MCGREW,now(),0000-00-00 00:00:00
ARTIFICIAL NEURAL NETWORKS,1,6,1,ROBERT J S,CS080,2011,422,MCGREWHILL,now(),0000-00-00 00:00:00
ARTIFICIAL INTELLIGENCE & EXPEERT SYSTEMS,1,6,1,DAN W.PATTERSON,CS081,1997,448,PHI,now(),0000-00-00 00:00:00
ARTIFICAL INTELLIGENCE,1,6,1,STURAT RUSSCELL,CS082,2ND,1022,PEARSON,now(),0000-00-00 00:00:00
ARTIFICAL INTELLIGENCE,1,6,1,NILS J N,CS083,2002,476,PEARSON,now(),0000-00-00 00:00:00
OPERATING SYSTEMS PRINCIPLES,1,6,1,ABRAHAM S,CS084,7TH,896,NAROSA,now(),0000-00-00 00:00:00
OPERATING SYSTEMS PRINCIPLES,1,6,1,ABRAHAM S,CS085,8TH,972,WILLEY INDIA,now(),0000-00-00 00:00:00
OPERATING SYSTEMS PRINCIPLES,1,6,1,ABRAHAM S,CS086,7TH,896,WILLEY INDIA,now(),0000-00-00 00:00:00
OPERATING SYSTEMS PRINCIPLES,1,6,1,ABRAHAM S,CS087,D,896,WILLEY INDIA,now(),0000-00-00 00:00:00
OPERATING SYSTEMS ,1,6,1,SITSANKAR HALDAR,CS088,2009,576,WILLEY INDIA,now(),0000-00-00 00:00:00
OPERATING SYSTEMS ,1,6,1,I A DHOTRE,CS089,2012,,PEARSON,now(),0000-00-00 00:00:00
OPERATING SYSTEMS ,1,6,1,D M DHAMDHERE,CS090,1ST,788,TECHNICAL PUBLICATIONS,now(),0000-00-00 00:00:00
OPERATING SYSTEMS ,1,6,1,ANDREW S TAMENBAUM,CS091,3RD,1054,PHI,now(),0000-00-00 00:00:00
OPERATING SYSTEMS ,1,6,1,PRAMOD CHANDRA P B,CS092,3RD,800,PHI,now(),0000-00-00 00:00:00
EMBEDDED SYSTEMS,1,6,1,JAMES K PECKOL,CS093,2013,810,WILLEY ,now(),0000-00-00 00:00:00
EMBEDDED SYSTEMS,1,6,1,FRANK VAHID,CS094,2012,,WILLEY ,now(),0000-00-00 00:00:00
EMBEDDED SYSTEMS,1,6,1,SHIBU K V,CS095,2013,716,MCGREWHILL,now(),0000-00-00 00:00:00
EMBEDDED SYSTEMS,1,6,1,RAJKAMAL,CS096,2ND,681,TATA MCGREW,now(),0000-00-00 00:00:00
MOBILE COMPUTING ,1,6,1,RAJKAMAL,CS099,2ND/2012,627,OXFORD,now(),0000-00-00 00:00:00
MOBILE COMPUTING ,1,6,1,RAJKAMAL,CS100,2ND,627,OXFORD,now(),0000-00-00 00:00:00
CLOUD COMPUTING,1,4,1,ANTHONY T V,CS101,2012,334,MCGREWHILL,now(),0000-00-00 00:00:00
CLOUD COMPUTING,1,4,1,DR.KUMAR SAURABH,CS102,2ND,219,WILLEY INDIA,now(),0000-00-00 00:00:00
EMBEDDED SYSTEMS,1,6,1,SIBU K V,CS103,2013,716,MCGREWHILL,now(),0000-00-00 00:00:00
SOFTWARE TESTING AND ANALYSIS,1,3,1,MAURO PEZZE,CS104,2011,488,WILEY,now(),0000-00-00 00:00:00
SOFTWARE TESTING AND ANALYSIS,1,3,1,MAURO PEZZE,CS105,2012,488,WILEY,now(),0000-00-00 00:00:00
SOFTWARE TESTING ,1,3,1,PAUL J,CS107,3RD,416,AUERBACH,now(),0000-00-00 00:00:00
SOFTWARE TESTING AND QUALITY ASSURANCE,1,3,1,KSHIRASAGAR NAIK,CS108,2015,616,WILLEY,now(),0000-00-00 00:00:00
SYSTEM PROGRAMMING,1,6,1,D M DHAMDRE,CS109,2011,538,MCGREW HILL,now(),0000-00-00 00:00:00
SYSTEM PROGRAMMING,1,6,1,D M DHAMDRE,CS110,2013,538,PEARSON,now(),0000-00-00 00:00:00
ADVANCED PROGRAMMING IN THE UNIX,1,7,1,W RICHARAD STEVENS,CS111,2ND,921,PEARSON,now(),0000-00-00 00:00:00
UNIX SYSTEM PROGRAMMING USING C++,1,7,1,TERRENCE CHAN,CS116,1997,598,PHI,now(),0000-00-00 00:00:00
ADVANCED UNIX PROGRAMMING,1,7,1,MARC J R,CS120,2ND,731,PEARSON,now(),0000-00-00 00:00:00
UNIX AND SHEL PROGRAMMING ,1,7,1,BEHROUZ A FOROUZAN,CS121,2009,875,CENAGE LEARNING,now(),0000-00-00 00:00:00
UNIX CONCEPTS AND APPLICATIONS,1,7,1,SUMITHABA DAS,CS123,4TH,667,MCGREWHILL,now(),0000-00-00 00:00:00
UNIX CONCEPTS AND APPLICATIONS,1,7,1,SUMITHABA DAS,CS124,4TH,667,PEARSON,now(),0000-00-00 00:00:00
ADVANCED PROGRAMMING  IN THE UNIX ENVIRONMENT,1,7,1,W RICHARD STEVENS,CS128,2005,744,PEARSON,now(),0000-00-00 00:00:00
UNIX CONCEPTS AND APPLICATIONS,1,7,1,SUMITHABA DAS,CS130,4TH,671,MCGRAW,now(),0000-00-00 00:00:00
UNIX CONCEPTS AND APPLICATIONS,1,7,1,SUMITHABA DAS,CS131,2ND,565,TATA MCGREW,now(),0000-00-00 00:00:00
COURSE WARE FOR ADVANCED  C & UNIX,1,7,1,T M UTTARA,CS132,,375,,now(),0000-00-00 00:00:00
UNIX OPERATING SYSTEM,1,4,1,MAURICA J S,CS133,1986,471,PHI,now(),0000-00-00 00:00:00
UNIX SYSTEM PROGRAMMING USING C/C++,1,4,1,YOGISH H K,CS134,2014,215,PRIMS,now(),0000-00-00 00:00:00
UNIX AND SHEL PROGRAMMING ,1,4,1,I A DOHOTRE,CS136,1ST,,TECHNICAL,now(),0000-00-00 00:00:00
UNIX AND SHEL PROGRAMMING ,1,4,1,I A DOHOTRE,CS137,1ST,1065,TECHNICAL,now(),0000-00-00 00:00:00
UNIX AND SHEL PROGRAMMING ,1,4,1,STEPHEN  G KOCHAN ,CS138,3RD,437,PEARSON,now(),0000-00-00 00:00:00
UNIX AND SHEL PROGRAMMING ,1,4,1,YASHAVANT KANETHKAR,CS139,1ST,486,BPB,now(),0000-00-00 00:00:00
DBMS,1,4,1,RAMAKRISHNAA,CS140,3RD,1065,MCGRAW HILL,now(),0000-00-00 00:00:00
DBMS,1,4,1,RAMAKRISHNAA,CS141,3RD,1143,MCGRAW HILL,now(),0000-00-00 00:00:00
FUNDAMENTALS OF DATA BASE SYSTEMS,1,4,1,RAMEZ ELMASRI,CS143,5TH ,1143,PEARSON,now(),0000-00-00 00:00:00
FUNDAMENTALS OF DATA BASE SYSTEMS,1,4,1,RAMEZ ELMASRI,CS144,5TH ,955,PEARSON,now(),0000-00-00 00:00:00
FUNDAMENTALS OF DATA BASE SYSTEMS,1,4,1,ELMASRI/ NAVATHE,CS145,3RD,1143,PEARSON,now(),0000-00-00 00:00:00
FUNDAMENTALS OF DATA BASE SYSTEMS,1,4,1,RAMEZ ELMASRI,CS148,5TH ,1143,LEON TECH WORD,now(),0000-00-00 00:00:00
DBMS,1,4,1,ALEXIS LEON,CS149,,988,MCGRAW,now(),0000-00-00 00:00:00
DATA BASE SYSTEM CONCEPTS,1,4,1,ABRAHAM S,CS150,6TH ,1349,MCGRAW,now(),0000-00-00 00:00:00
DATA BASE SYSTEM CONCEPTS,1,4,1,ABRAHAM S,CS151,6TH ,1349,PEARSON,now(),0000-00-00 00:00:00
DATA BASE SYSTEM ,1,4,1,THOMAS CONNOLLY,CS152,4TH,1374,MCGRAW,now(),0000-00-00 00:00:00
DBMS,1,4,1,G K GUPTA,CS153,2013,780,MCGRAW,now(),0000-00-00 00:00:00
DATA BASE SYSTEM ,1,4,1,C J DATE,CS154,8TH,931,PEARSON,now(),0000-00-00 00:00:00
SQL/PL/SQL ORACLE 11G,1,4,1,DR.P.S DESHPANDE,CS155,1ST,849,AR.EMM INTERNATIONAL,now(),0000-00-00 00:00:00
DATA BASE MANAGEMENT SYSTEM,1,4,1,ITL EDUCATION,CS156,2ND,329,,now(),0000-00-00 00:00:00
SOFTWARE ENGG,1,3,1,IAN SOMMER VILLE,CS157,9TH,773,PEARSON,now(),0000-00-00 00:00:00
SOFTWARE ENGG,1,3,1,IAN SOMMER VILLE,CS160,8TH,773,PEARSON,now(),0000-00-00 00:00:00
SOFTWARE ENGG,1,3,1,IAN SOMMER VILLE,CS161,8TH,840,PEARSON,now(),0000-00-00 00:00:00
SOFTWARE ENGG,1,3,1,IAN SOMMER VILLE,CS162,8TH,864,PEARSON,now(),0000-00-00 00:00:00
SOFTWARE ENGG,1,3,1,ROGER S P,CS163,6TH ,880,PEARSON,now(),0000-00-00 00:00:00
SOFTWARE ENGG PRINCIPLES AND PRACTICE,1,3,1,WAMMAN JAWADKER,CS164,2009,844,TATA MCGREW,now(),0000-00-00 00:00:00
SOFTWARE ENGG,1,3,1,ROGER S P,CS165,7TH,895,MCGRAW,now(),0000-00-00 00:00:00
SOFTWARE ENGG,1,3,1,SHARI LAWERENCE,CS166,4TH,782,PEARSON,now(),0000-00-00 00:00:00
SOFTWARE ENGG,1,3,1,K K AGARWAL,CS167,3RD,507,NEW AGE INTERNATIONAL,now(),0000-00-00 00:00:00
SOFTWARE ENGG,1,3,1,PANKAJ JALOTE,CS168,2011,301,WILLEY INDIA,now(),0000-00-00 00:00:00
SOFTWARE ENGG,1,3,1,A A PUTTAM BEKAR ,CS169,,,TECHNICAL,now(),0000-00-00 00:00:00
SOFTWARE ENGG,1,3,1,NEELAM BHAVAARI,CS170,2ND,265,INTERLINE,now(),0000-00-00 00:00:00
SOFTWARE ENGG,1,3,1,A A PUTTAM BEKAR ,CS172,1ST,128,TECHNICAL,now(),0000-00-00 00:00:00
SOFTWARE ENGG,1,3,1,RICHARD F,CS173,1ST,364,MCGRAW,now(),0000-00-00 00:00:00
AN INTEGRATED APPROACH TO SOFTWARE ENGINEERING,1,3,1,PANKAJ JALOTE,CS174,1ST,375,NARORA,now(),0000-00-00 00:00:00
COMPUTER GRAPHICS USING OPEN GL,1,6,1,F.S HILL,CS175,3RD,778,ASHOK K GOSH,now(),0000-00-00 00:00:00
COMPUTER GRAPHICS ,1,6,1,HEARN,CS178,3RD,857,PEARSON,now(),0000-00-00 00:00:00
COMPUTER GRAPHICS,1,6,1,HEARN,CS180,3RD,857,PEARSON,now(),0000-00-00 00:00:00
COMPUTER GRAPHICS ,1,6,1,AARMDRENDRA N.SIMHA,CS181,2ND,471,MCGRAW,now(),0000-00-00 00:00:00
COMPUTER GRAPHICS ,1,6,1,JAMES D FOLIY,CS183,2ND,1158,MCGRAW,now(),0000-00-00 00:00:00
COMPUTER GRAPHICS ,1,6,1,JAMES D FOLIY,CS184,2ND,1174,PEARSON,now(),0000-00-00 00:00:00
INTERACTIVE COMPUTER GRAPHICS,1,6,1,EDWARD ANGEL,CS185,5TH ,828,PEARSON,now(),0000-00-00 00:00:00
INTERACTIVE COMPUTER GRAPHICS,1,6,1,EDWARD ANGEL,CS186,5TH ,563,PEARSON,now(),0000-00-00 00:00:00
COMPUTER GRAPHICS AND MULTIMEDIA,1,6,1,ETHERAM RAZA KHAN,CS187,1ST,241,UNIVERSITY SCIENCE PRESS,now(),0000-00-00 00:00:00
COMPUTER GRAPHICS,1,6,1,A.P GODSE,CS188,1ST,298,TECHNICAL PUBLICATIONS,now(),0000-00-00 00:00:00
COMPUTER GRAPHICS,1,6,1,STEVEN HARNINGTON,CS189,2ND,465,MCGRAW,now(),0000-00-00 00:00:00
COMPUTER ORGANIZATION AND DESIGN,1,4,1,DAVID A PETERSON,CS190,4TH,685,MCGRAW,now(),0000-00-00 00:00:00
COMPUTER ORGANIZATION AND DESIGN,1,4,1,CARL HAMACHER,CS194,5TH ,805,MCGRAW,now(),0000-00-00 00:00:00
COMPUTER ORGANIZATION ,1,4,1,CARL HAMACHER,CS195,5TH ,805,MCGRAW,now(),0000-00-00 00:00:00
COMPUTER ORGANIZATION  & ARCHITUCTURE,1,4,1,WILLIAM STALLINGS,CS201,8TH,805,MCGRAW,now(),0000-00-00 00:00:00
COMPUTER  ARCHITUCTURE & ORGANIZATION,1,4,1,JHON P HAYS,CS202,2012,792,PEARSON,now(),0000-00-00 00:00:00
COMPUTER  ARCHITUCTURE & ORGANIZATION,1,4,1,JHON P HAYS,CS203,3RD,604,MCGRAW,now(),0000-00-00 00:00:00
COMPUTER ORGANIZATION ,1,4,1,L KRISHNANDA,CS204,1ST,602,MCGRAW,now(),0000-00-00 00:00:00
COMPUTER ORGANIZATION ,1,4,1,L KRISHNANDA,CS205,1ST,529,PRISM,now(),0000-00-00 00:00:00
COMPUTER ORGANIZATION ,1,4,1,A P GODRE,CS206,1ST,529,PRISM,now(),0000-00-00 00:00:00
THE INTEL MICROPROCESSOR,1,3,1,BARRY B BREY,CS207,6TH ,359,TECHNICAL,now(),0000-00-00 00:00:00
MICROPROCESSOR,1,3,1,POUGLAS V HALL,CS208,2ND,1012,MCGRAW,now(),0000-00-00 00:00:00
MICROPROCESSOR  ARCHITECTURE PROGRAMMING AND APPLICATION WITH 8085,1,3,1,RAMESH GOONKAR,CS209,5TH ,820,ULLAS PATAC,now(),0000-00-00 00:00:00
ADVANCED MICROPROCESSOR AND PERIPHERALS,1,7,1,A K RAY,CS212,1ST,666,MCGRAW,now(),0000-00-00 00:00:00
ADVANCED MICROPROCESSOR AND PERIPHERALS,1,7,1,A K RAY,CS214,2ND,715,MCGRAW,now(),0000-00-00 00:00:00
THE INTEL MICROPROCESSOR,1,3,1,BERRY B BRAY,CS217,8TH,926,PEARSON,now(),0000-00-00 00:00:00
MICROPROCESSOR  ARCHITECTURE PROGRAMMING AND APPLICATION ,1,3,1,RAMESH GOONKAR,CS218,2ND,720,NEW AGE INTERNATIONAL,now(),0000-00-00 00:00:00
MICROPROCESSOR PC HARDWARE AND INTERFACES,1,3,1,N MATHIVANAM,CS219,1ST,709,ASHOK K GOSH,now(),0000-00-00 00:00:00
THE 8085 INTRODUCTION TO MICROPROCESSOR,1,3,1,KENNATH J AYALA,CS220,2ND,367,PEARSON,now(),0000-00-00 00:00:00
0000 TO 8085 INTRODUCTION TO MICROPROCESSOR,1,3,1,P K GOSH,CS221,2ND,,ASHOK K GOSH,now(),0000-00-00 00:00:00
MICROPROCESSOR AND INTERFACING,1,3,1,DOUGEAY U HALL,CS222,3RD,,MCGRAW,now(),0000-00-00 00:00:00
8085 MICROPROCESSOR AND ITS APPLICATION ,1,3,1,A NAGOOR,CS223,3RD,,MCGRAW,now(),0000-00-00 00:00:00
ADVANCED MICROPROCESSOR AND ASSEMBLY LANGUAGE PROGRAMMING,1,7,1,K UDAY KUMAR,CS224,1ST,462,MCGRAW,now(),0000-00-00 00:00:00
MICROPROCESSOR AND ITS APPLICATION,1,3,1,B THEAGARAJ,CS226,1ST,394,NEW AGE INTERNATIONAL,now(),0000-00-00 00:00:00
MICROPROCESSOR LAB MANUAL,1,3,1,A V KRISHNA MOHAN,CS227,1ST,173,TECH EDUCATION,now(),0000-00-00 00:00:00
ADVANCED MICROPROCESSOR,1,7,1,DAVIEL TABAK,CS228,2ND,503,MCGRAW,now(),0000-00-00 00:00:00
SYSTEM SOFTWARE,1,5,1,LELAND L BECK,CS229,3RD,495,PEARSON,now(),0000-00-00 00:00:00
SYSTEM SOFTWARE,1,5,1,LELAND L BECK,CS233,3RD,529,PEARSON,now(),0000-00-00 00:00:00
SYSTEM SOFTWARE,1,5,1,A A PUNTAMBEKAR,CS234,1ST,,TECHNICAL PUBLICATIONS,now(),0000-00-00 00:00:00
SYSTEM SOFTWARE,1,5,1,A A PUNTAMBEKAR,CS235,1ST,,TECHNICAL,now(),0000-00-00 00:00:00
LEX AND YACC,1,5,1,JOBN R LEVINE,CS236,1ST,,SHORFF,now(),0000-00-00 00:00:00
SOFTWARE ENGINEERING,1,3,1,A A PUNTAMBEKAR,CS239,1ST,,TECHNICAL PUBLICATIONS,now(),0000-00-00 00:00:00
SOFTWARE ENGINEERING,1,3,1,A A PUNTAMBEKAR,CS240,1ST,,PEARSON,now(),0000-00-00 00:00:00
SYSTEM SOFTWARE,1,3,1,LELAND L BECK,CS241,3RD,495,UNIVERSITY SCIENCE PRESS,now(),0000-00-00 00:00:00
FUNDAMENTAL OF DATA STRUCTURE,1,3,1,HOROWITZ AND SAHNI,CS242,2ND,615,UNIVERSITY SCIENCE PRESS,now(),0000-00-00 00:00:00
DATA STRUCTURE,1,3,1,RICHARD F GILLORG & BEHROUS A FOROUZEN,CS246,2ND,720,,now(),0000-00-00 00:00:00
DATA STRUCTURE USING C AND C++,1,3,1,YEDIDYAH LANGSON,CS247,2ND,661,PEARSON,now(),0000-00-00 00:00:00
DATA STRUCTURE WITH C,1,3,1,NANDAN GOPALANS,CS248,1ST,509,,now(),0000-00-00 00:00:00
FUNDAMENTAL OF DATA STRUCTURE IN C++,1,3,1,ELLIS  HOROWITZ,CS249,1ST,653,SUNNEL GALGOTIA,now(),0000-00-00 00:00:00
PROGRAMMING AND DATA STRUCTURE,1,3,1,S K CHANDHA,CS250,1ST,788,MR.USHA RAJKUMAR,now(),0000-00-00 00:00:00
SYSTEMATIC APPROCH TO DATA STRUCTURE USING C ,1,3,1,A M PADMAREDDY,CS251,1ST,,,now(),0000-00-00 00:00:00
DATA STRUCTURE USING C AND C++,1,3,1,YEDIDYAH LANGSON,CS252,1ST,671,ASHOK K GOSH,now(),0000-00-00 00:00:00
DATA STRUCTURE AND ALGORITHMS IN C++,1,3,1,MICHAEL T GOODRICH,CS253,1ST,683,WILLEY INDIA,now(),0000-00-00 00:00:00
DATA STRUCTURE USING C AND C++,1,3,1,AARON M TENENBAUM,CS254,1ST,659,ESTERN ECHONOMY,now(),0000-00-00 00:00:00
COMPUTER SCIENCE A STRUCTURED PROGRAMMING APPROCH USING C,1,3,1,FOROUZAL,CS255,1ST,1151,,now(),0000-00-00 00:00:00
INTRODUCTION TO DATA STRUCTURE USING C,1,3,1,VENKATESH N BAITIPULI,CS256,1ST,650,UNIVERSITY SCIENCE PRESS,now(),0000-00-00 00:00:00
C AND DATA STRUCTURE ,1,3,1,VV MUNISWAMY,CS257,1ST,441,KRISHNAN MAKHIJANI,now(),0000-00-00 00:00:00
PROGRAMMING WITH C &  DATA STRUCTURE,1,3,1,R S BICHKAR,CS258,1ST,527,UNIVERSITY SCIENCE PRESS,now(),0000-00-00 00:00:00
DATA STRUCTURES USING  C & C++,1,3,1,YEDIDYAH LANGSON,CS259,2ND,560,PEARSON,now(),0000-00-00 00:00:00
DATA STRUCTURE WITH C,1,3,1,A A PUTEMBEKAR,CS260,1ST,340,TECHNICAL PUBLICATIONS,now(),0000-00-00 00:00:00
PROGRAMMING IN C & DATA STRUCTURE,1,3,1,CHANDRAKANT NAYKODI,CS261,,266,,now(),0000-00-00 00:00:00
DATA STRUCTURE WITH C,1,3,1,ADICHERLA MALLESH,CS262,1ST,,PROFESSIONAL PUBLCATION,now(),0000-00-00 00:00:00
INTRODUCTION TO THE DESIGN & ANALYSIS OF ALGORITHMS,1,4,1,ANANY LEVITIN,CS263,1ST,427,PEARSON,now(),0000-00-00 00:00:00
INTRODUCTION TO THE DESIGN & ANALYSIS OF ALGORITHMS,1,4,1,ANANY LEVITIN,CS264,1ST,2427,PEARSON,now(),0000-00-00 00:00:00
INTRODUCTION TO THE DESIGN & ANALYSIS OF ALGORITHMS,1,4,1,ANANY LEVITIN,CS265,1ST,497,PEARSON,now(),0000-00-00 00:00:00
INTRODUCTION TO THE DESIGN & ANALYSIS OF ALGORITHMS,1,4,1,ANANY LEVITIN,CS266,2ND,497,PEARSON,now(),0000-00-00 00:00:00
INTRODUCTION TO THE DESIGN & ANALYSIS OF ALGORITHMS,1,4,1,ANANY LEVITIN,CS268,2ND,524,PEARSON,now(),0000-00-00 00:00:00
INTRODUCTION TO THE DESIGN & ANALYSIS OF ALGORITHMS,1,4,1,ANANY LEVITIN,CS269,D,497,PEARSON,now(),0000-00-00 00:00:00
FUNDAMENTAL OF COMPUTER ALGORITHMS,1,4,1,ELLIS HOROWITZ,CS270,2ND,497,PEARSON,now(),0000-00-00 00:00:00
FUNDAMENTAL OF COMPUTER ALGORITHMS,1,4,1,ELLIS HOROWITZ,CS271,2ND,524,PEARSON,now(),0000-00-00 00:00:00
FUNDAMENTAL OF COMPUTER ALGORITHMS,1,4,1,J S MANGAT,CS272,2008,524,PEARSON,now(),0000-00-00 00:00:00
ANALYSIS  AND DESIGN OF ALGORITHMS,1,4,1,J S MANGAT,CS273,2008,524,PEARSON,now(),0000-00-00 00:00:00
DATA STRUCTURES & ALGORITHMS,1,4,1,ALFRED V AHO,CS274,2005,773,UNIVERSITY SCIENCE PRESS,now(),0000-00-00 00:00:00
DESIGN AND ANALYSIS OF ALGORITHMS,1,4,1,A A PUTEMBEKAR,CS275,1ST,773,UNIVERSITY SCIENCE PRESS,now(),0000-00-00 00:00:00
ALGORITHMS,1,4,1,SANJAY DAS GUOTA,CS276,1ST,221,INTERLINE,now(),0000-00-00 00:00:00
DATA STRUCTURE AND ALGORITHMS ,1,4,1,ARUP KR BHAUMIK,CS277,1ST/2009,221,INTERLINE,now(),0000-00-00 00:00:00
ANALYSIS  AND DESIGN OF ALGORITHMS,1,4,1,PROF.S NANDA GOPALAN,CS278,1ST,443,PEARSON,now(),0000-00-00 00:00:00
ANALYSIS  AND DESIGN OF ALGORITHMS,1,4,1,PROF.S NANDA GOPALAN,CS279,4TH,,TECHNICAL,now(),0000-00-00 00:00:00
DATA STRUCTURES & APPLICATION ,1,3,1,A A PUTEMBEKAR,CS280,1ST,320,TATA MCGREW,now(),0000-00-00 00:00:00
MASTERING C++,1,5,1,K R VENUGOPAL,CS281,2013,414,S CHAND,now(),0000-00-00 00:00:00
LET US C++,1,5,1,YASHAVANT KANETHKAR,CS282,2ND,362,SPANA BOOK,now(),0000-00-00 00:00:00
OBJECT ORIENTED PROGRAMMING WITH C++,1,5,1,SOURAV SAHAY,CS283,1ST,481,SPANA BOOK,now(),0000-00-00 00:00:00
OBJECT ORIENTED PROGRAMMING WITH C++,1,5,1,SOURAV SAHAY,CS284,1ST,,TECHNICAL,now(),0000-00-00 00:00:00
C++ PROGRAMMING TODAY,1,5,1,BARBARA JHONSTON,CS285,1ST,883,MCGRAW,now(),0000-00-00 00:00:00
OBJECT ORIENTED PROGRAMMING WITH C++,1,5,1,DR. N V SUBHA REDDY,CS286,1ST,633,P P PUBLICATION,now(),0000-00-00 00:00:00
OBJECT ORIENTED PROGRAMMING WITH C++,1,5,1,E BALAGURUSWAMY,CS287,5TH ,473,OXFORD UNIVERSITY PRESS,now(),0000-00-00 00:00:00
OBJECT ORIENTED PROGRAMMING WITH C++,1,5,1,DR.N V SUBHA REDDY,CS288,1ST,463,OXFORD UNIVERSITY PRESS,now(),0000-00-00 00:00:00
ILLUSTRATED PROGRAMMING WITH C++,1,5,1,DILIP MALLI,CS289,2009,729,PEARSON,now(),0000-00-00 00:00:00
PROGRAMMING WITH C++,1,5,1,B RAVINCHANDRAAN,CS290,2001,336,RAJESWARI,now(),0000-00-00 00:00:00
MASTERING C++,1,5,1,K R VENUGOPAL,CS291,2ND/2013,556,TATA MCGREW,now(),0000-00-00 00:00:00
MASTERING C++,1,5,1,K R VENUGOPAL,CS292,2ND,336,RAJESWARI,now(),0000-00-00 00:00:00
MASTERING C++,1,5,1,K R VENUGOPAL,CS293,2ND,286,PENRAM INTERNATIONAL,now(),0000-00-00 00:00:00
THINKING IN C++,1,5,1,SUNIL K PANDAY,CS294,6TH ,607,MCGRAW,now(),0000-00-00 00:00:00
C++ PROGRAMMING  MANUAL,1,5,1,S M MAHESH,CS295,1ST,883,MCGRAW,now(),0000-00-00 00:00:00
C++ SOLUTION,1,5,1,DAVID VANDEVOORDE,CS296,1999,883,MCGRAW,now(),0000-00-00 00:00:00
OBJECT ORIENTED PROGRAMMING WITH C++,1,5,1,CHETHAN H,CS297,2ND,883,MCGRAW,now(),0000-00-00 00:00:00
THE COMPLETE REFERENCE C++,1,5,1,HERBERT SCHILDT,CS298,4TH,350,SANJEEV KUMAR,now(),0000-00-00 00:00:00
THE COMPLETE REFERENCE C++,1,5,1,HERBERT SCHILDT,CS299,4TH,106,,now(),0000-00-00 00:00:00
THE COMPLETE REFERENCE C++,1,5,1,HERBERT SCHILDT,CS300,4TH,292,ADDISON WESLEY,now(),0000-00-00 00:00:00
THE COMPLETE REFERENCE C++,1,5,1,HERBERT SCHILDT,CS301,4TH,436,INTERLINE,now(),0000-00-00 00:00:00
PRINCIPLES OF COMPILER DESIGN,1,6,1,ALFRED V AHO,CS302,1998,1023,MCGRAW,now(),0000-00-00 00:00:00
PRINCIPLES OF COMPILER DESIGN,1,6,1,V RAGHAVAN,CS303,2ND,1023,MCGRAW,now(),0000-00-00 00:00:00
COMPILER DESIGN,1,6,1,G SUDHA SADASHIVAM,CS304,2010,1023,MCGRAW,now(),0000-00-00 00:00:00
COMPILER ,1,6,1,ALFRED V AHO,CS305,2ND,1023,MCGRAW,now(),0000-00-00 00:00:00
COMPILER ,1,6,1,ALFRED V AHO,CS306,2ND,612,NAROSA,now(),0000-00-00 00:00:00
COMPILER ,1,6,1,ALFRED V AHO,CS307,2ND,581,MCGRAW,now(),0000-00-00 00:00:00
COMPILER ,1,6,1,ALFRED V AHO,CS308,2ND,,SCIETH,now(),0000-00-00 00:00:00
COMPILER ,1,6,1,ALFRED V AHO,CS309,2ND,1009,PEARSON,now(),0000-00-00 00:00:00
CRAFTING A COMPILER WITH C ,1,6,1,,CS311,2009,603,PEARSON,now(),0000-00-00 00:00:00
COMPILER DESIGN,1,6,1,CHARLES N FISHER,CS312,1ST,603,PEARSON,now(),0000-00-00 00:00:00
COMPILER DESIGN,1,6,1,A A PUTEMBEKAR,CS313,1ST,796,PEARSON,now(),0000-00-00 00:00:00
COMPILER DESIGN,1,6,1,VENKATESH N BAITIPULI,CS314,1ST,,,now(),0000-00-00 00:00:00
COMPILER DESIGN,1,6,1,SANDEEP SAXENE,CS315,1ST,812,PEARSON,now(),0000-00-00 00:00:00
COMPILER DESIGN,1,6,1,ADESH K PANDEY,CS316,1ST,,TECHNICAL,now(),0000-00-00 00:00:00
COMPILER  CONSRTUCTIONS ,1,6,1,ADESH K PANDEY,CS317,1ST,332,,now(),0000-00-00 00:00:00
PRINCIPLES OF COMPILER DESIGN,1,6,1,K B N SUNITHA,CS318,2ND,417,NIRAJ,now(),0000-00-00 00:00:00
COMPILER CONSTRUCTION PRINCIPLES & PRACTICE,1,6,1,NANDINI PRASAD K S,CS319,1997,508,S K KATARIA & SONS,now(),0000-00-00 00:00:00
PRINCIPLES OF COMPILER DESIGN,1,6,1,K ENNETH C LOUDEN,CS320,2011,508,S K KATARIA & SONS,now(),0000-00-00 00:00:00
OPERATION RESEARCH THEORY AND APPLICATIONS,1,6,1,V RAGHAVAN,CS321,5TH ,553,PEARSON,now(),0000-00-00 00:00:00
OPERATION RESEARCH ,1,6,1,J K SHARMA,CS322,2011,389,ELSEVIER,now(),0000-00-00 00:00:00
INTRODUCTION TO OPERATION RESEARCH,1,6,1,SREENIVAS REDDY M,CS323,9TH,582,,now(),0000-00-00 00:00:00
INTRODUCTION TO OPERATION RESEARCH,1,6,1,FREDRICK S HILLER,CS324,9TH,581,TATA MCGREW,now(),0000-00-00 00:00:00
OPERATION RESEARCH,1,6,1,FREDRICK S HILLER,CS325,9TH,944,MACILLAN,now(),0000-00-00 00:00:00
OPERATION RESEARCH,1,6,1,HANDY A AHA,CS326,2014,318,,now(),0000-00-00 00:00:00
OPERATION RESEARCH,1,6,1,S D SHARMA,CS327,2005,1102,MCGRAW,now(),0000-00-00 00:00:00
FUNDAMENTAL OF OPERATION RESEARCH,1,6,1,N RAMANATHAN,CS328,2006,823,PEARSON,now(),0000-00-00 00:00:00
DISCRETE EVENT SYSTEM SIMULATION,1,0,1,A JAYAKARA HEGDE,CS329,5TH ,,KEDARNATH,now(),0000-00-00 00:00:00
DISCRETE EVENT SYSTEM SIMULATION,1,0,1,JERRY BANKS,CS330,5TH ,,MCGRAW,now(),0000-00-00 00:00:00
DISCRETE EVENT SYSTEM SIMULATION,1,0,1,JERRY BANKS,CS331,5TH ,,P V KRISHNAN,now(),0000-00-00 00:00:00
SMULATION MODELING &ANALYSIS,1,0,1,JERRY BANKS,CS332,4TH,640,DORLING,now(),0000-00-00 00:00:00
SMULATION MODELING &ANALYSIS,1,0,1,AVERILL M LAW,CS334,2012,768,TATA MCGREW,now(),0000-00-00 00:00:00
SIMULATION,1,0,1,HISASHI KOBAYASHI,CS335,4TH,768,TATA MCGREW,now(),0000-00-00 00:00:00
INTRODUCTION TO SYSTEM MODELING AND SIMULATION ,1,0,1,SHELDON M ROSS,CS336,2012,782,PEARSON,now(),0000-00-00 00:00:00
SYSTEM MODELING & SIMULATION ,1,0,1,NANDINI PRASAD K S,CS337,2015,298,ELSEVIER,now(),0000-00-00 00:00:00
AUTOMATA COMPUTABILITY & COMPLEXITY,1,5,1,RASHMI AMARDEEP,CS338,2015,358,ELSEVIER,now(),0000-00-00 00:00:00
INTRODUCTION TO LANGUAGE & THEORY OF COMPUTATIONS,1,5,1,ELAINE RICH,CS339,3RD,254,SUNSTAR,now(),0000-00-00 00:00:00
INTRODUCTION TO LANGUAGE & THEORY OF COMPUTATIONS,1,5,1,JHON C MARTIN,CS340,3RD,1099,PEARSON,now(),0000-00-00 00:00:00
INTRODUCTION TO LANGUAGE & THEORY OF COMPUTATIONS,1,5,1,JHON C MARTIN,CS341,3RD,543,MCGRAW,now(),0000-00-00 00:00:00
LOGIC IN COMPUTER SCIENCE,1,0,1,JHON C MARTIN,CS342,2ND,543,MCGRAW,now(),0000-00-00 00:00:00
AUTOMATA THEORY LANGUAGE & COMPUTATION,1,5,1,MICHEL HUTN,CS343,3RD,427,CAMBRIDGE UNIVERSITY,now(),0000-00-00 00:00:00
AUTOMATA THEORY LANGUAGE & COMPUTATION,1,5,1,JHON E HOPCRAFT,CS344,3RD,487,PEARSON,now(),0000-00-00 00:00:00
INTRODUCTION TO COMPUTER THEORY,1,0,1,JHON E HOPCRAFT,CS346,2ND,487,PEARSON,now(),0000-00-00 00:00:00
THEORY OF COMPUTER SCIENCE,1,0,1,DANIELE I A COHEN,CS347,3RD,634,WILLEY INDIA,now(),0000-00-00 00:00:00
THEORY OF COMPUTATION ,1,5,1,K L P MISHRA,CS348,2009,422,AS,now(),0000-00-00 00:00:00
INTRODUCTION TO FORMAL  LANGUAGE AUTOMATA THEORY & COMPUTATION,1,5,1,S N SIVANANDAN,CS349,1ST,506,I K INTERNATIONAL,now(),0000-00-00 00:00:00
THEORY OF COMPUTATION ,1,5,1,KAMALA K,CS350,1ST,425,PEARSON,now(),0000-00-00 00:00:00
DISCRETE EVENT SYSTEM SIMULATION,1,0,1,A MALATHI PALANI,CS351,1ST,232,SUBAS STAR,now(),0000-00-00 00:00:00
FUNDAMENTAL OF THEORY OF COMPUTATION ,1,5,1,RAFIYA KOUSER,CS352,1ST,160,SUBAS STAR,now(),0000-00-00 00:00:00
DISCRETE  MATHEMATICS,1,3,1,RAYMOND GREEN LAW,CS353,2004,336,MORGAN  K,now(),0000-00-00 00:00:00
DISCRETE & COMBINATORIAL MATHEMATICS,1,3,1,D S MALIK,CS354,5TH ,479,CENGAGE LEARNING,now(),0000-00-00 00:00:00
DISCRETE & COMBINATORIAL MATHEMATICS,1,3,1,RALPH P GRINALD,CS355,5TH ,1026,DORLING,now(),0000-00-00 00:00:00
DISCRETE MATHEMATICS,1,3,1,RALPH P GRINALD,CS356,7TH,,TATA MCGREW,now(),0000-00-00 00:00:00
DISCRETE MATHEMATICS WITH APPLICATION,1,3,1,KENNETH H ROSHEN,CS357,1ST,,,now(),0000-00-00 00:00:00
DISCRETE COMBINATRIAL MATHEMATICS,1,3,1,THOMAS KORHY,CS358,4TH,1026,DORLING,now(),0000-00-00 00:00:00
DISCRETE MATHEMATICAL STRUCTURE,1,3,1,RALPH P GRIMALDI,CS359,1ST,791,PEARSON,now(),0000-00-00 00:00:00
DISCRETE MATHEMATICAL STRUCTURE,1,3,1,DR .K S C,CS360,1ST,392,SUDHA,now(),0000-00-00 00:00:00
DISCRETE MATHEMATICAL STRUCTURE,1,3,1,DR .K S C,CS361,1ST,604,HIMALYA,now(),0000-00-00 00:00:00
DISCRETE MATHEMATICS,1,3,1,DR.N G GOUDRU,CS362,3RD,582,AMITHAB,now(),0000-00-00 00:00:00
DISCRETE MATHEMATICAL STRUCTURE,1,3,1,J K SHARMA,CS363,3RD,450,PRISM,now(),0000-00-00 00:00:00
DISCRETE MATHEMATICAL STRUCTURE,1,3,1,DR. D S C,CS364,2002,446,NEW AGE ,now(),0000-00-00 00:00:00
DISCRETE MATHEMATICAL STRUCTURE,1,3,1,G SHANKAR RAO,CS365,,,PROFESSONAL PUBLICATION,now(),0000-00-00 00:00:00
GRAPH THEORY AND COMBINATION,1,0,1,N RADHAKRISHNA,CS366,4TH,493,PRISM,now(),0000-00-00 00:00:00
GRAPH THEORY AND COMBINATION,1,0,1,DR.D S C,CS368,4TH,438,PRISM,now(),0000-00-00 00:00:00
GRAPH THEORY AND COMBINATION,1,0,1,DR.D S C,CS369,1ST,,PROFESSIONAL,now(),0000-00-00 00:00:00
DIGITAL PRINCIPLES & APPLICATION,1,0,1,ADICHERLA MALLESH,CS370,6TH ,682,LAKSHMI,now(),0000-00-00 00:00:00
DIGITAL PRINCIPLES & APPLICATION,1,0,1,DONALD P LEACC,CS371,7TH,682,MCGRAW,now(),0000-00-00 00:00:00
LOGIC IN COMPUTER SCIENCE,1,0,1,DONALD P LEACC,CS376,2ND,427,CAMBRIDGE PRESS,now(),0000-00-00 00:00:00
LOGIC DESIGN,1,0,1,MICHEL HUTH,CS377,1ST,258,C B S PUBLICATION,now(),0000-00-00 00:00:00
MANAGEMENT,1,5,1,R S ALLURKAR,CS378,10TH,544,PEARSON,now(),0000-00-00 00:00:00
MANAGEMENT,1,5,1,STEPHEN P ROBERT,CS379,10TH,738,PEARSON,now(),0000-00-00 00:00:00
MANAGEMENT & ENTERPRENERSHIP,1,5,1,STEPHEN P ROBERT,CS380,1ST,342,SHOBHA PUBLICATION,now(),0000-00-00 00:00:00
MANAGEMENT IN ENGINEERING,1,5,1,K VENKATARAMANA,CS381,2ND,493,IMH,now(),0000-00-00 00:00:00
PRINCIPLES OF MANAGEMENT,1,5,1,GAIL FREEMAN,CS382,4TH,413,CENGAGE LEARNING,now(),0000-00-00 00:00:00
FUNDAMENTALS OF MANAGEMENT,1,5,1,P C TRUPATHI,CS383,,493,TATA MCGREW,now(),0000-00-00 00:00:00
PRINCIPLES OF MANAGEMENT,1,5,1,ROBERT IN DUSSIES,CS384,5TH ,454,TATA MCGREW,now(),0000-00-00 00:00:00
PRINCIPLES OF MANAGEMENT,1,5,1,P C TRUPATHI,CS385,5TH ,154,TATA MCGREW,now(),0000-00-00 00:00:00
MANAGEMENT AND ENTERPRENERSHIP,1,5,1,P C TRUPATHI,CS386,1ST,,,now(),0000-00-00 00:00:00
MANAGEMENT AND ENTERPRENERSHIP,1,5,1,PROF.RAMESH BURBURE,CS387,1ST,396,SUBHAS,now(),0000-00-00 00:00:00
MANAGEMENT AND ENTERPRENERSHIP,1,5,1,M K PURSHOTHAM,CS388,1ST,262,EXCELL BOOKS,now(),0000-00-00 00:00:00
MANAGEMENT AND ENTERPRENERSHIP,1,5,1,B JANAKI RAM,CS389,2008,272,I K INTERNATIONAL,now(),0000-00-00 00:00:00
MANAGEMENT AND ENTERPRENERSHIP,1,5,1,N V R NAIDU,CS390,20114,276,I K INTERNATIONAL,now(),0000-00-00 00:00:00
MANAGEMENT AND ENTERPRENERSHIP,1,5,1,N V R NAIDU,CS391,1ST,182,NEWAGE,now(),0000-00-00 00:00:00
ELECTRONIC DEVICES AND CIRCUITS,1,5,1,VEERABHADRAPPA,CS392,1ST,718,WILLEY ,now(),0000-00-00 00:00:00
ELECTRONIC DEVICES AND CIRCUITS,1,0,1,ANIL K MANVI,CS395,1ST,587,B S PUBLICATION,now(),0000-00-00 00:00:00
ELECTRONIC CIRCUITS,1,0,1,ANIL K MANVI,CS396,1ST,,TECHNICAL PUBLICATIONS,now(),0000-00-00 00:00:00
ELECTRONIC CIRCUITS,1,0,1,A P GODSE,CS397,1ST,890,TECHNICAL PUBLICATIONS,now(),0000-00-00 00:00:00
ELECTRONIC DEVICES AND CIRCUITS,1,0,1,A P GODSE,CS398,1ST,,TECHNICAL PUBLICATIONS,now(),0000-00-00 00:00:00
ANALOG AND DIGITAL ELECTRONICS,1,0,1,A P GODSE,CS399,1ST,,TECHNICAL PUBLICATIONS,now(),0000-00-00 00:00:00
ELECTRONIC DEVICES AND CIRCUITS,1,0,1,A P GODSE,CS400,5TH ,1072,OXFORD PUBLICATION,now(),0000-00-00 00:00:00
ELECTRONIC DEVICES AND CIRCUITS,1,0,1,DAVID,CS401,1ST,984,RBA,now(),0000-00-00 00:00:00
ELECTRONIC DEVICES AND CIRCUITS,1,0,1,N NAGOOR KANI,CS402,3RD,748,MCGRAW,now(),0000-00-00 00:00:00
INTEGRATED ELECTRONICS,1,0,1,JACOB MILLMAM,CS403,2ND,858,MCGRAW,now(),0000-00-00 00:00:00
ELECTRONIC PRINCIPLES,1,0,1,JACOB MILLMAM,CS404,7TH,1018,MCGRAW,now(),0000-00-00 00:00:00
DIGITAL SIGNAL PROCESSING,1,0,1,ALBERT MALVNO,CS405,3RD,924,MCGRAW,now(),0000-00-00 00:00:00
BASIC ELECTRONICS,1,0,1,S SALIVA HANOUR,CS406,1ST,558,PEARSON,now(),0000-00-00 00:00:00
OBJECT ORIENTED SYSTEM,1,5,1,R D SUDHAKAR SAMUL,CS407,1999,411,M C H,now(),0000-00-00 00:00:00
OBJECT ORIENTED SYSTEM,1,5,1,ALIBAHSAMIC,CS409,1999,411,T M H,now(),0000-00-00 00:00:00
OBJECT ORIENTED ANALYSIS AND DESIGN WITH APPLICATION,1,5,1,ALIBAHSAMIC,CS410,3RD,699,PEARSON,now(),0000-00-00 00:00:00
OBJECT ORIENTED ANALYSIS AND DESIGN WITH APPLICATION,1,5,1,BOOCH JOCOBSON,CS411,2ND,477,PEARSON,now(),0000-00-00 00:00:00
OBJECT ORIENTED MODELING AND DESIGN WITH UML,1,5,1,MICHEL R BLAHA,CS412,2ND,477,PEARSON,now(),0000-00-00 00:00:00
OBJECT ORIENTED DESIGN AND PATTERNS,1,5,1,MICHEL R BLAHA,CS413,STUDENT EDITION,445,WSE,now(),0000-00-00 00:00:00
PRACTICAL OBJECT ORIENTED DESIGN WITH UML,1,5,1,CAY HORSTMAN,CS414,2ND,357,TMH,now(),0000-00-00 00:00:00
OBJECT ORIENTED ANALYSIS AND DESIGN USING UML,1,5,1,MARK PRIESTLEY,CS415,1ST,370,MCH,now(),0000-00-00 00:00:00
SOFTWARE ARCHITECTURE,1,0,1,D JAYA MALA S GEETHA,CS416,2015,318,SUNSTAR,now(),0000-00-00 00:00:00
SOFTWARE ARCHITECTURE IN PRACTICE,1,0,1,PRITI MISHRA,CS417,2ND,528,PEARSON,now(),0000-00-00 00:00:00
SOFTWARE TESTING AND ANALYSIS,1,0,1,LEN BASS,CS418,STUDENT EDITION,488,WILEY,now(),0000-00-00 00:00:00
DESIGN PATTERNS,1,0,1,MAURO PEZZE,CS419,2012,395,PEARSON,now(),0000-00-00 00:00:00
SOFTWARE ARCHITECTURE,1,0,1,ERICH GAMMA,CS421,EE,242,PEARSON,now(),0000-00-00 00:00:00
SOFTWARE ARCHITECTURE,1,0,1,MARY SHAW,CS422,EE,242,PHI,now(),0000-00-00 00:00:00
PATTERN ORIENTED SOFTWARE ARCHITECTURE,1,0,1,MARY SHAW,CS423,STUDENT EDITION,467,PHI,now(),0000-00-00 00:00:00
PATTERN ORIENTED SOFTWARE ARCHITECTURE,1,0,1,FRANK BUSHMAN,CS424,STUDENT EDITION,467,WILEY,now(),0000-00-00 00:00:00
ADVANCED COMPUTER ARCHITECTURE,1,7,1,FRANK BUSHMAN,CS426,2ND,723,WILEY,now(),0000-00-00 00:00:00
ADVANCED COMPUTER ARCHITECTURE,1,7,1,KAI HUANG,CS427,2ND,723,MCH,now(),0000-00-00 00:00:00
PARALLEL COMPUTER ARCHITECTURE,1,7,1,KAI HUANG,CS429,2002,1025,MORGAO,now(),0000-00-00 00:00:00
COMPUTER ARCHITECTURE & PARALLEL PROSSESING,1,7,1,DAVID E CELLER,CS430,PDP-11,846,MCH,now(),0000-00-00 00:00:00
INTERENET AND WWW HOW TO PROGRAMM,1,0,1,FAYE A BRIGGS,CS432,4TH,1329,PEARSON,now(),0000-00-00 00:00:00
HTML 4,1,7,1,P J DEITEL,CS433,2ND,1254,TECH MEDIA,now(),0000-00-00 00:00:00
PROGRAMMING THE WWW,1,7,1,RICK DARNELL,CS434,4TH,734,PEARSON,now(),0000-00-00 00:00:00
AJAX,1,7,1,ROBERT W SEBESTA,CS435,2011,756,DREAM TECH,now(),0000-00-00 00:00:00
WEB PROGRAMMING,1,7,1,KOGENT,CS436,3RD,654,EWILEY,now(),0000-00-00 00:00:00
CGI PROGRAMMING,1,0,1,CHRIS BATES,CS437,1ST,433,SHROFF,now(),0000-00-00 00:00:00
WEB PROGRAMMING,1,7,1,SHIBIR GUNDAVARAM,CS438,1ST,330,SUBHAS STORES,now(),0000-00-00 00:00:00
A PRIMER ON BASIS OF COMPUTER APPLICATION TO BIOLOGISTS,1,0,1,CHITRA RAVI,CS439,,149,COMPLIYMENTRY COPY,now(),0000-00-00 00:00:00
VISUAL BASIC .NET PROGRAMMING,1,0,1,N RATNAKAR RAO,CS440,5TH ,1247,DREAM TECH,now(),0000-00-00 00:00:00
PRO C# WITH .NET 3.0,1,0,1,STEVEN HOLZER,CS441,SPECIAL,1186,DREAM TECH,now(),0000-00-00 00:00:00
PROGRAMMING IN C#,1,0,1,ANDREW,CS442,3RD,508,MCH,now(),0000-00-00 00:00:00
BEGINNING J2EE 1.4,1,6,1,E BALAGURUSWAMY,CS445,,714,SHROFF,now(),0000-00-00 00:00:00
THE COMPLETE REFERENCE.J2EE,1,6,1,KEVIN MUKHAR,CS446,2010,874,TMH,now(),0000-00-00 00:00:00
JAVA FUNDAMENTALS,1,6,1,JIM KEOGH,CS447,SPECIAL,1034,MCH,now(),0000-00-00 00:00:00
JAVA & J2EE,1,0,1,HERBERT SEHILD,CS448,1ST,470,SSS,now(),0000-00-00 00:00:00
PROGRAMMING WITH JAVA,1,5,1,ASHOK KUMAR .K,CS449,2ND,453,TMH,now(),0000-00-00 00:00:00
JAVA,1,5,1,E BALAGURUSWAMY,CS450,2005,424,TMH,now(),0000-00-00 00:00:00
JAVA DESIGN PATTERNS,1,5,1,PATRICK DAUGHTEN,CS451,2000,329,PEARSON,now(),0000-00-00 00:00:00
JAVA SERVER PAGES,1,5,1,JAMES W COOPER,CS452,1ST,199,SSI,now(),0000-00-00 00:00:00
OBJECT ORIENTED CONCEPTS,1,0,1,JSP HAND BOOK,CS453,1ST,,TECHNICAL,now(),0000-00-00 00:00:00
INTRODUCTION RTO COMPUTER,1,0,1,A A PUTTAMBEKAR,CS455,7TH,628,TMH,now(),0000-00-00 00:00:00
COMPUTER CONCEPTS AND C PROGRAMMING,1,0,1,PETER NORTON,CS456,2010,,EBPB,now(),0000-00-00 00:00:00
COMPUTER SCIENCE A STRUCTURED PROGRAMMING APPROCH USING C,1,0,1,RAJESH HONGAL,CS459,2006,900,THOMSON LEARNING,now(),0000-00-00 00:00:00
COMPUTER CONCEPTS AND C PROGRAMMING,1,0,1,B A FOROUZAN,CS461,2012,,SRI NIDHI PUBLICATION,now(),0000-00-00 00:00:00
COMPUTER CONCEPTS AND C PROGRAMMING,1,0,1,A M PADMAREDDY,CS462,2012,,SRI NIDHI,now(),0000-00-00 00:00:00
COMPUTER CONCEPTS AND C PROGRAMMING,1,0,1,A M PADMAREDDY,CS463,2012,724,RALGOTIA,now(),0000-00-00 00:00:00
OBJECT ORIENTED PROGRAMMING IN TURBO C++,1,0,1,A M PADMAREDDY,CS464,1998,549,TMH,now(),0000-00-00 00:00:00
PROGRAMMING IN ANSCI C,1,0,1,ROBERT LAFORE,CS465,5TH ,558,MCH,now(),0000-00-00 00:00:00
PROGRAMMING IN ANSCI C,1,0,1,BALAGURUSWAMY,CS466,6TH ,493,MCGH,now(),0000-00-00 00:00:00
PROGRAMMING IN ANSCI C,1,0,1,BALAGURUSWAMY,CS467,3RD,658,PEARSON,now(),0000-00-00 00:00:00
PROGRAMMING C,1,0,1,BALAGURUSWAMY,CS468,2ND,594,PEARSON,now(),0000-00-00 00:00:00
PROGRAMMING WITH ANSCI & TURBO C,1,0,1,ASHOK N,CS469,6TH ,,TMH,now(),0000-00-00 00:00:00
COMPUTER CONCEPTS AND C PROGRAMMING,1,0,1,ASHOK N,CS470,2011,570,DREAM TECH,now(),0000-00-00 00:00:00
COMPUTER CONCEPTS AND C PROGRAMMING,1,0,1,E BALAGURUSWAMY,CS471,2010,525,KATSON,now(),0000-00-00 00:00:00
COMPUTER SCIENCE QUESTION BANK,1,0,1,VIKAS GUPTA,CS472,2006,363,EEE/PHI,now(),0000-00-00 00:00:00
COMPUTER PROGRAMMING C,1,0,1,NITHIN,CS473,8TH,322,CBS,now(),0000-00-00 00:00:00
COMPUTER SYSTEM AND PROGRAMMING IN C,1,0,1,V RAJARAMAN,CS474,2014/1ST,267,PIP,now(),0000-00-00 00:00:00
C APPLICATION PROGRAMM AND PROJECTS,1,0,1,MANISH V,CS475,2007,372,SAPNA,now(),0000-00-00 00:00:00
COMPUTER CONCEPTS AND PROGRAMMING,1,0,1,DILIP M,CS476,2001,263,PHI,now(),0000-00-00 00:00:00
C PROGRAMMING LANGUAGE,1,0,1,P B KTUR,CS477,2ND,263,PHI,now(),0000-00-00 00:00:00
C PROGRAMMING LANGUAGE,1,0,1,BRAIN W KERNIGHAN,CS478,2ND,283,S CHANDAN,now(),0000-00-00 00:00:00
PC SOFTWARE & IT TOOLS,1,0,1,BRAIN W KERNIGHAN,CS479,1ST,284,WILEY,now(),0000-00-00 00:00:00
C PROGRAMMING LABORATORY,1,0,1,GAUTHAM ROY,CS480,2012,135,ACME,now(),0000-00-00 00:00:00
COMPUTER CONCEPTS AND C PROGRAMMING,1,0,1,DR. NANDINI S SINDAL,CS481,2010,188,SHIVA,now(),0000-00-00 00:00:00
COMBINED LABOROTORY ,1,0,1,B K MOHAN,CS482,2002,215,SUBAS,now(),0000-00-00 00:00:00
5 IN 1 P [CHEMISTRY CYCLE],1,0,1,AVIK BANERJE,CS483,2008,,,now(),0000-00-00 00:00:00
COMPUTER CONCEPT AND C-PROGRAMMING,1,0,1,,CS484,2006,248,S M PUBLICATION,now(),0000-00-00 00:00:00
C PROGRAMMING LABORATORY,1,0,1,MANJUNATH ARADHYA M,CS485,2014,125,SUNSTAR,now(),0000-00-00 00:00:00
ENGINEERING MATHEMATICS-III,1,3,1,R S A,CS486,2012,486,SP,now(),0000-00-00 00:00:00
ENGINEERING MATHEMATICS-III,1,3,1,DR.K S C,CS489,2012,588,SP,now(),0000-00-00 00:00:00
ENGINEERING MATHEMATICS-III,1,3,1,DR.K S C,CS491,2012,795,NEW AGE,now(),0000-00-00 00:00:00
THEORY AND PROBLEMS IN MATHEMATICS,1,3,1,DR.K S C,CS492,2005,628,BOSCOSS,now(),0000-00-00 00:00:00
ENGINEERING MATHEMATICS-I,1,1,1,PROF.S S BOSLO,CS493,2012,618,SP,now(),0000-00-00 00:00:00
ENGINEERING MATHEMATICS-II,1,2,1,DR.K S C,CS494,2015,435,SP,now(),0000-00-00 00:00:00
ENGINEERING MATHEMATICS-I,1,1,1,DR.K S C,CS495,2007,769,SP,now(),0000-00-00 00:00:00
ENGINEERING MATHEMATICS-II,1,2,1,DR.K S C,CS496,2007,664,SP,now(),0000-00-00 00:00:00
ENGINEERING MATHEMATICS-IV,1,4,1,DR.K S C,CS497,2008,665,SP,now(),0000-00-00 00:00:00
FUNDAMENTALS  OF BUSINESS ANALYTICS,1,0,1,DR.K S C,CS498,2008,326,WILEY,now(),0000-00-00 00:00:00
THE ART OF COMPUTER SYSTEM PERFORMANCE ANALYSIS,1,0,1,DR.K S C,CS499,2010,685,WILEY,now(),0000-00-00 00:00:00
COMPUTER SYSTEM PERFORMANCE EVALUVATION AND PREDICTION,1,0,1,RAJ JAIN,CS501,2012,525,DIGITAL P[RESS,now(),0000-00-00 00:00:00
FUNDAMENTALS  OF DATA STRUCTURE IN C,1,3,1,PAUL J-FORTIER,CS502,2ND,617,UP,now(),0000-00-00 00:00:00
COMPUTER AS COMPONENTS,1,0,1,HOROWITZ,CS503,2ND,507,MK,now(),0000-00-00 00:00:00
SOFTWARE ENGINEERING,1,3,1,WAYNE WALF,CS504,8TH,840,PEARSON,now(),0000-00-00 00:00:00
OPERATING SYSTEM,1,6,1,LAN SOMMERVILL ,CS505,1ST,,TECHNICAL,now(),0000-00-00 00:00:00
MICROPROCESSOR AND MICROCONTROLLER,1,3,1,I A DHOTRE,CS506,1ST,,TECHNICAL,now(),0000-00-00 00:00:00
BIG DAT BIG ANALYTICS,1,0,1,A P GODSE,CS507,2015,187,WILEY,now(),0000-00-00 00:00:00
THE DOUBT PROGRAMMING LANGUAGE,1,0,1,MICHAEL ,CS508,206,193,PEARSON,now(),0000-00-00 00:00:00
DATA BASE MANAGEMENT SYSTEM,1,5,1,GILLAD BRACHA,CS509,1ST,,TECHNICAL,now(),0000-00-00 00:00:00
CRYPHTOGRAPHY IN NETWORK SECURITY,1,7,1,SEEMA KEDAR,CS510,2ND,702,MCGH,now(),0000-00-00 00:00:00
COMPUTER NETWORKING,1,5,1,BEHROUZ A FOROUZAN,CS511,6TH ,888,PEARSON,now(),0000-00-00 00:00:00
COMPUTER AND COMMUNICATION NETWORK,1,5,1,JAMES F KUROSE,CS512,2015,617,PEARSON,now(),0000-00-00 00:00:00
CRYPHTOGRAPHY IN NETWORK SECURITY,1,0,1,NADER F MIR,CS513,2017,224,SUBHAS,now(),0000-00-00 00:00:00
COMPUTER NETWORKS,1,5,1,CHITRA RAVI,CS514,1ST,,TECHNICAL,now(),0000-00-00 00:00:00
DATA COMMUNICATION & NETWORKING,1,3,1,I A DHOTRE,CS515,1ST,,TECHNICAL,now(),0000-00-00 00:00:00
BASIC ELECTRICAL ENGINEERING,1,0,1,I A DHOTRE,CS516,2005,384,INTERLINE,now(),0000-00-00 00:00:00
BASIC ELECTRICAL ENGINEERING,1,0,1,N NARSIMHA SWAMY,CS517,NEW EDITION,480,LAKSHMI,now(),0000-00-00 00:00:00
ENGINEERING MATHEMATICS AND CIVIL ENGINEERING,1,0,1,R K RAJPUT,CS518,2003,338,NEWAGE,now(),0000-00-00 00:00:00
ELEMENTS OF CIVIL ENGG,1,0,1,S S BHAVI KATTI,CS519,3RD,322,SUBHAS,now(),0000-00-00 00:00:00
ENVIRONMENT STUDIES,1,0,1,K V RAO,CS520,6TH ,239,SUNSTAR,now(),0000-00-00 00:00:00
QUESTION BANK WITH SOLUTION ON CAED,1,0,1,DR. K GEETHA BALAKRISHNA,CS521,1ST/2007,177,C K LIBRARY,now(),0000-00-00 00:00:00
CHEMISTRY FOR ENGINEERING STUDENT,1,0,1,,CS522,2011,268,SUBHAS,now(),0000-00-00 00:00:00
ELEMENTS OF CIVIL ENGG,1,0,1,DR.B S JAI PRAKASH,CS523,,18,SPECTRUM,now(),0000-00-00 00:00:00
ENVIRONMENT STUDIES,1,0,1,,CS524,3RD,235,NEWAGE,now(),0000-00-00 00:00:00
BIOLOGY FOR CET & COMEDK,1,0,1,ANIL KUMAR D,CS525,2010,690,CENGAGE,now(),0000-00-00 00:00:00
PRINCIPLES OF MANAGEMENT,1,0,1,SHASHIKALA,CS526,4TH,413,TATA MCGRAW,now(),0000-00-00 00:00:00
GATE-13,1,0,1,P C TRIPATHI,CS527,87-12,677,ACE,now(),0000-00-00 00:00:00
COMPUTER & COMMUNICATION NETWORKS,1,0,1,ACE,CS528,2017,617,PEARSON,now(),0000-00-00 00:00:00
CLOUD COMPUTING,1,5,1,NADER F MIR,CS529,2011,637,WILEY,now(),0000-00-00 00:00:00
NETWORK SECURITY ESSENTIALS,1,0,1,RAJKUMAR B JAMES ANDREW,CS530,4TH,417,PEARSON,now(),0000-00-00 00:00:00
PRINCIPLES OF INFORMATION SECURITY,1,0,1,WILLIAM STALLINGS,CS531,4TH,619,CENGAGE LEARNING,now(),0000-00-00 00:00:00
INTRODUCTION TO WIRELESS COMMUNICATION SYSTEM AND NETWORKS,1,0,1,MICHAEL E HERBERT J,CS532,INDIA,446,CENGAGE,now(),0000-00-00 00:00:00
INTERNET AND INTERANET,1,0,1,MULLET,CS533,1999,424,MCGRAW,now(),0000-00-00 00:00:00
COMPUTER GRAPHICS,1,6,1,DANIEL MINDI,CS534,2ND,650,EEE,now(),0000-00-00 00:00:00
FUNDAMENTALS OF DATA BASE SYSTEMS,1,5,1,DONALD BAKER,CS535,3RD,955,PEARSON,now(),0000-00-00 00:00:00
OPERATING SYSTEM,1,6,1,NAVATHE,CS536,2ND,789,MCGRAW,now(),0000-00-00 00:00:00
EMBEDED SOFTWARE,1,0,1,DHAMDHERE,CS537,2006,443,PEARSON,now(),0000-00-00 00:00:00
ALGORITHS,1,5,1,DAVID SIMON,CS538,2ND,524,PEARSON,now(),0000-00-00 00:00:00
MASTERING VISUAL BASIC 6,1,0,1,LCVITIN,CS539,,1284,BPB,now(),0000-00-00 00:00:00
COMPUTER ARCHICTURE ,1,7,1,EVANGDAS PETROUTSOS,CS540,9TH,84,MK,now(),0000-00-00 00:00:00
COMPUTER AS COMPONENTS,1,0,1,JHON HENNRY,CS541,2ND,505,MK,now(),0000-00-00 00:00:00
INFORMATION STORAGE AND MANGEMENT,1,7,1,WAYNE WOLF,CS542,2ND,488,WILEY,now(),0000-00-00 00:00:00
COMPUTER ARCHITECTURE ,1,7,1,M C EDUCATION SERVISES,CS543,MK,82,MK,now(),0000-00-00 00:00:00
STORAGE NETWORKS,1,7,1,JHON HENNRY,CS544,WILEY,400,WILEY,now(),0000-00-00 00:00:00
EMBEDED SYSTEM,1,0,1,ULF TROPPER,CS545,2009,716,MC GRAW,now(),0000-00-00 00:00:00
INFORMATION STORAGE AND MANGEMENT,1,7,1,SHIBU K V,CS546,2008,455,WILEY,now(),0000-00-00 00:00:00
JAVA FUNDAMENTALS,1,3,1,EMC,CS547,SL,1035,SPECIAL INDIAN,now(),0000-00-00 00:00:00
COMPUTER ARCHITECTURE,1,0,1,HERBERT SEHILD,CS548,4TH,38,ELSEVIER,now(),0000-00-00 00:00:00
INFORMATION STORAGE AND MANGEMENT,1,7,1,PETTRSON,CS549,2ND,489,WILEY,now(),0000-00-00 00:00:00
COMPUTER ARCHITECTURE,1,7,1,M C EDUCATION SERVISES,CS550,9TH,184,MK,now(),0000-00-00 00:00:00
PROGRAMMING THE WORLD WIDE WEB,1,7,1,MK,CS551,4TH,734,PEARSON,now(),0000-00-00 00:00:00
INFORMATION STORAGE AND MANGEMENT,1,7,1,ROBERT.W.SEBESTA,CS555,2ND,489,WILEY,now(),0000-00-00 00:00:00
OBJECT ORIENTED MODELING AND DESIGN WITH UML,1,5,1,EMC,CS556,2ND,477,PEARSON,now(),0000-00-00 00:00:00
SYSTEM SOFTWARE,1,3,1,MICHAEL BLAHA ,CS558,2017,7.18,TECHNICAL,now(),0000-00-00 00:00:00
SUN EDUCATION SERVICES,1,0,1,A A PUNTAMBEKAR,CS559,2004,G-11,SM,now(),0000-00-00 00:00:00
OPERATING SYSTEMS,1,6,1,NIIT,CS560,3RD,828,MCGRAW,now(),0000-00-00 00:00:00
SUN EDUCATION SERVICES,1,0,1,DHANAJAY.M,CS561,2004,B-4,SM,now(),0000-00-00 00:00:00
CRYPHTOGRAPHY IN NETWORK SECURITY,1,0,1,NIIT,CS562,2018,488,CENGAGE,now(),0000-00-00 00:00:00
OPERATING SYSTEM,1,6,1,BERNARD L MENEZES,CS563,3RD,828,MCGRAW,now(),0000-00-00 00:00:00
DATA COMMUNICATION & NETWORKING,1,3,1,DANANJAY M,CS564,5TH ,,MCGRAW,now(),0000-00-00 00:00:00
DATASTRUCTURE USING C,1,3,1,FROUZAN,CS565,13,315,MCGRAW,now(),0000-00-00 00:00:00
JAVA COMPLETE REFERENCE,1,4,1,E BALAGURUSWAMY,CS566,INDIA,1304,MCGRAW,now(),0000-00-00 00:00:00
PRINCIPLES OF COMPILER DESIGN,1,6,1,HERBERT SEHILD,CS567,2010,581,MCGRAW,now(),0000-00-00 00:00:00
DATA  STRUCTURES USING C,1,3,1,V RAGHAVAN,CS568,13,315,MCGRAW,now(),0000-00-00 00:00:00
NATIONAL CONFERENCE FRONTIES OF CS&TECH,1,0,1,E BALAGURUSWAMY,CS569,2012,382,VINAYAKA,now(),0000-00-00 00:00:00
FUNDAMENTALS OF DATA BASE SYSTEMS,1,5,1,M S BHAGYASHEKAR,CS570,5TH ,1143,PEARSON,now(),0000-00-00 00:00:00
ALGORITHS,1,5,1,RAMAZ,CS571,INDIA,320,MCGRAW,now(),0000-00-00 00:00:00
SIMLATION MODELING AND ANALYSISIS,1,0,1,SANJOY DASGUPTE,CS573,4TH,768,INDIAN,now(),0000-00-00 00:00:00
MICROPROCESSOR AND INTERFACING,1,3,1,AVERILL M LAW,CS574,3RD,16.19,MCGRAW,now(),0000-00-00 00:00:00
ENGINEERING  MATHMATICS-4,1,4,1,DOUGLAS V HALL,CS576,2013,444,SP,now(),0000-00-00 00:00:00
COMPUTER ORGANISATION,1,3,1,DR.KSC,CS577,2002,795,PEARSON,now(),0000-00-00 00:00:00
INTERACTIVE COMPUTER GRAPHICS,1,6,1,CARL HAMACHER,CS579,2013,543,PEARSON,now(),0000-00-00 00:00:00
DATASTRUCTURE USING C,1,3,1,EDWARD ANGEL,CS581,2012,8.45,NP,now(),0000-00-00 00:00:00
ENGINEERING MATHAMETICS-1,1,1,1,A M PADMAREDDY,CS582,2010,589,SP,now(),0000-00-00 00:00:00
OOPS WITH C++,1,5,1,DR.KSC,CS583,2012,8.45,NP,now(),0000-00-00 00:00:00
UNIX SYSTEM USING C++,1,4,1,A M PADMAREDDY,CS584,1997,587,PHI,now(),0000-00-00 00:00:00
MANAGEMANT AND ENTREPRENEURSHIP,1,5,1,TERRENCE CHAN,CS587,2013,276,IK,now(),0000-00-00 00:00:00
COMPUTER AS COMPONENTS,1,0,1,NVR NAIDU,CS588,2016,487,PEARSON,now(),0000-00-00 00:00:00
COMPILER DESIGN,1,5,1,MARILYN WOLF,CS589,2014,7.21,NP,now(),0000-00-00 00:00:00
ELECTRONIC DEVICES AND CIRCUITS,1,0,1,A M PADMAREDDY,CS590,2009,701,WILEY,now(),0000-00-00 00:00:00
SYSYTEM SOFTWARE,1,6,1,ANIL K MANVI,CS591,,485,PEARSON,now(),0000-00-00 00:00:00
GRAPH THEORY AND COMBINATION,1,3,1,LELAND L BECK,CS593,2012,494,PEARSON,now(),0000-00-00 00:00:00
SYSTEM SOFTWARE,1,6,1,CARL HAMACHER,CS594,2012,485,PEARSON,now(),0000-00-00 00:00:00
SYSTEM SOFTWARE,1,6,1,LELAND L BECK,CS596,2002,511,PEARSON,now(),0000-00-00 00:00:00
OBJECT ORIENTED MODELING AND DESIGN WITH UML,1,5,1,LELAND L BECK,CS597,2015,469,PEARSON,now(),0000-00-00 00:00:00
THE INTEL MICROPROCESSOR,1,3,1,MICHEL BLAHA,CS598,2012,759,PEARSON,now(),0000-00-00 00:00:00
ALGORITHMS,1,4,1,BARRY.B.BREY,CS600,2007,772,PEARSON,now(),0000-00-00 00:00:00
OBJECT ORIENTED PRAGRAMMING USING C++,1,5,1,ELLIS HOROWITZ,CS601,2013,723,NANDHI,now(),0000-00-00 00:00:00
THE INTEL MICROPROCESSOR,1,3,1,AM PADMA REDDY,CS602,2013,670,PEARSON,now(),0000-00-00 00:00:00
COMPUTER CONCEPTS AND C PROGRAMMING,1,0,1,BARRY.B.BREY,CS603,2010,571,DREAM TECH,now(),0000-00-00 00:00:00
OBJECT ORIENTED MODELING AND DESIGN WITH UML,1,5,1,VIKAS GUPTA,CS604,2013,469,PEARSON,now(),0000-00-00 00:00:00
DISCREATE MATHEMATICAL STRUCTURES,1,3,1,MICHEL BLAHA,CS605,2011,439,PEARSON,now(),0000-00-00 00:00:00
CONCEPTS AND APPLICATIONS UNIX,1,0,1,DR.DSC,CS606,2008,652,PEARSON,now(),0000-00-00 00:00:00
INTERACTIVE COMPUTER GRAPHICS,1,0,1,SUMITHABA DAS,CS607,2009,791,PEARSON,now(),0000-00-00 00:00:00
AUTOMATA THEORY LANGUAGE & COMPUTATION,1,4,1,EDWARD ANGEL,CS608,2011,479,PEARSON,now(),0000-00-00 00:00:00
THE DESIGN & ANALYSIS OF ALGORITHMS,1,4,1,JOHN E HOPCROFT,CS609,2007,495,PEARSON,now(),0000-00-00 00:00:00
THE INTEL MICROPROCESSOR,1,3,1,ANANY LEVITIN,CS610,2013,670,PEARSON,now(),0000-00-00 00:00:00
LEX & YACC,1,6,1,BARRY B BREY,CS611,2012,341,O REILLY,now(),0000-00-00 00:00:00
GRAPH THEORY AND COMBINATION,1,0,1,JOHN R LEVINE,CS612,2015,502,PRISM,now(),0000-00-00 00:00:00
ELECTRONIC DEVICES AND CIRCUITS,1,0,1,DR DSC,CS613,2011,701,WILEY,now(),0000-00-00 00:00:00
UNIX SYSTEM PROGRAMMING USING C++,1,4,1,ANIL K MAINI,CS614,1997,585,PEARSON,now(),0000-00-00 00:00:00
COMPILER,1,6,1,TERRENCE CHAN,CS615,2013,605,PEARSON,now(),0000-00-00 00:00:00
ADVANCED COMPUTER ARCHITECTURE,1,7,1,ALFRED V AHO,CS616,2013,8.25,TECHNICAL,now(),0000-00-00 00:00:00
DIGITAL PRINCIPLES & APPLICATION,1,0,1,I A DHOTRE,CS617,2014,695,PEARSON,now(),0000-00-00 00:00:00
GRAPH THEORY AND COMBINATION,1,0,1,DONALD P LEACK,CS618,2012,494,PEARSON,now(),0000-00-00 00:00:00
SOFTWARE ENGINEERING,1,3,1,DR DSC,CS619,2007,848,PEARSON,now(),0000-00-00 00:00:00
OPERATIONAL REASEARCH,1,6,1,SOMMERVILLE,CS620,2010,311,INTERLINE,now(),0000-00-00 00:00:00
INFORMATION STORAGE AND MANGEMENT,1,7,1,SREENIVASA REDDY,CS621,2015,439,WILLEY,now(),0000-00-00 00:00:00
FINITE AUTOMATA AND FORMAL LANGUAGES,1,5,1,G SOMASUNADARAM,CS622,2012,451,PEARSON,now(),0000-00-00 00:00:00
DATA STRUCTURES USING C,1,3,1,A M PADMAREDDY,CS623,2015,8.45,NANDHI,now(),0000-00-00 00:00:00
GRAPH THEORY AND COMBINATION,1,0,1,AM PADMA REDDY,CS624,2015,502,PRISM,now(),0000-00-00 00:00:00
DIGITAL PRINCIPALS AND APPLICATION ,1,0,1,DR.DSC,CS626,2012,672,PEARSON,now(),0000-00-00 00:00:00
MANAGEMENT AND ENTERPRENERSHIP,1,5,1,DONALD P LEACH,CS627,2012,276,IK,now(),0000-00-00 00:00:00
ELECTRONIC DEVICES AND CIRCUITS,1,0,1,NVR NAIDU,CS628,2009,701,WILEY,now(),0000-00-00 00:00:00
COMPUTER ARCHITECHTURE,1,7,1,ANIL K MAINI,CS629,2007,C-58,PEARSON,now(),0000-00-00 00:00:00
MANAGEMENT AND ENTERPRENERSHIP,1,5,1,JOHN L HENNESSY,CS630,2008,272,IK,now(),0000-00-00 00:00:00
OBJECT ORIENTED MODELING AND DESIGN WITH UML,1,5,1,NVR NAIDU,CS631,2012,469,PEARSON,now(),0000-00-00 00:00:00
OPERATIONAL AMPLIFIER,1,0,1,MICHAEL BLAHA ,CS632,1971,469,MC GRAW,now(),0000-00-00 00:00:00
AUTOMATA THEORY LANGUAGE & COMPUTATION,1,4,1,JERAIL G GRAEME,CS633,2013,479,PEARSON,now(),0000-00-00 00:00:00
FINATE AUTOMATA AND FORMAL LANGUAGES,1,5,1,JOHN E HOPCROFT,CS634,2014,451,PEARSON,now(),0000-00-00 00:00:00
MANAGEMENT AND ENTREPRENEURSHIP,1,5,1,AM PADMA REDDY,CS635,2012,276,IK,now(),0000-00-00 00:00:00
OPERATING SYSTEM CONCEPTS,1,6,1,NVR NAIDU,CS636,2013,957,WILEY,now(),0000-00-00 00:00:00
ADVANCED COMPUTER ARCHITECTURE,1,7,1,ABRAHAM SILBERSCATZ,CS637,2013,828,TECHNICAL,now(),0000-00-00 00:00:00
FINATE AUTOMATA AND FORMAL LANGUAGES,1,5,1,IA DHOTRE,CS638,2008,8.4,NANDHI,now(),0000-00-00 00:00:00
COMPUTER ORGANISATION,1,3,1,A M PADMAREDDY,CS639,2002,795,INTERNATIONAL,now(),0000-00-00 00:00:00
GRAPH THEORY AND COMBINATION,1,0,1,CARL HAMACHER,CS640,2012,494,PRISM,now(),0000-00-00 00:00:00
ENGINEERING MATHMATICS-4,1,4,1,DR DSC,CS641,2012,444,SUDHA,now(),0000-00-00 00:00:00
INTRODUCTION TO THE DESIGN & ANALYSIS OF ALGORITHMS,1,0,1,DR KSC,CS642,2011,505,PEARSON,now(),0000-00-00 00:00:00
DESIGN &ANALYSIS OF ALGORITHMS,1,0,1,ANANY LEVITIN,CS643,2014,10.13,NANDHI,now(),0000-00-00 00:00:00
GRAPH THEORY AND COMBINATION,1,0,1,AM PADMA REDDY,CS644,2013,494,PRISM,now(),0000-00-00 00:00:00
INTERACTIVE COMPUTER GRAPHICS,1,0,1,DR DSC,CS645,2013,483,PEARSON,now(),0000-00-00 00:00:00
DISCREATE MATHEMATICAL STRUCTURES,1,3,1,EDWARD ANGEL,CS646,2011,439,PRISM,now(),0000-00-00 00:00:00
STRUCTURED COMPUTER ORGANISATION,1,3,1,DR DSC,CS650,1997,575,PRISM,now(),0000-00-00 00:00:00
COMMUNICATION NETWORKS,1,5,1,ANDREW,CS652,2011,871,MC GRAW,now(),0000-00-00 00:00:00
ENGINEERING MATHAMATICS-2,1,2,1,ALBERT MALVNO,CS653,2011,491,SUDHA,now(),0000-00-00 00:00:00
ENGINEERING MATHAMATICS-2,1,2,1,DR.KSC,CS654,2014,491,SUDHA,now(),0000-00-00 00:00:00
ENGINEERING PHYSICS,1,0,1,DR.KSC,CS655,2015,540,SUDHA,now(),0000-00-00 00:00:00
PRINCIPLE OF MANANGEMENT,1,0,1,SP BASAVARAJU,CS656,2011,409,PEARSON,now(),0000-00-00 00:00:00
DISCREATE MATHEMATICAL STRUCTURES,1,3,1,PC TRIPATHI,CS657,2011,439,PEARSON,now(),0000-00-00 00:00:00
DATA STRUCTURES USING C&C++,1,3,1,DR DSC,CS658,2013,663,PEARSON,now(),0000-00-00 00:00:00
GRAPH THEORY AND COMBINATION,1,0,1,YEDIDYAL LANGASAM,CS659,2005,494,PRISM,now(),0000-00-00 00:00:00
SUNSTAR SCANNER,1,0,1,DR DSC,CS660,2017,188,SUNSTAR,now(),0000-00-00 00:00:00
COMPUTER ARCHITECTURE,1,3,1,MODEL QUESTIONS,CS661,2007,C-58,PEARSON,now(),0000-00-00 00:00:00
GRAPH THEORY AND COMBINATION,1,0,1,JOHN L HENNESSY,CS662,2015,494,PEARSON,now(),0000-00-00 00:00:00
ADVANCED MICROPROCESSORS,1,3,1,DR DSC,CS663,2004,501,TECHNICAL,now(),0000-00-00 00:00:00
IBM PC AND CLONES,1,0,1,A P GODSE,CS664,1991,727,TATA MCGRAW,now(),0000-00-00 00:00:00
PROGRAMING WITH JAVA,1,4,1,B GOVINDA RAJULU,CS665,2011,289,SUDHA,now(),0000-00-00 00:00:00
OPERATING SYSTEM CONCEPTS,1,6,1,SATHISH HUNNAR,CS666,2010,957,PEARSON,now(),0000-00-00 00:00:00
COMPILERS,1,5,1,WILEY,CS667,2007,993,PEARSON,now(),0000-00-00 00:00:00
SOFTWARE ENGINEERING,1,3,1,ALFRED V AHO,CS668,2012,824,PEARSON,now(),0000-00-00 00:00:00
PHYTHON APLLICATIONS AND PROGRAMMING,1,7,1,IAN SOMMER VILLE,CS669,2018,26,TECHNICAL,now(),0000-00-00 00:00:00
ANALYSIS  AND DESIGN OF ALGORITHMS,1,4,1,A A PUNTAMBEKAR,CS670,2008,11.4,NANDHI,now(),0000-00-00 00:00:00
STSTEM SOFTWARE,1,6,1,A M PADMAREDDY,CS671,2007,485,PEARSON,now(),0000-00-00 00:00:00
MANAGEMENT AND ENTREPRENEURSHIP,1,5,1,LELAND L BECK,CS672,2016,276,IK,now(),0000-00-00 00:00:00
SYSTEM SOFTWARE,1,6,1,NVR NAIDU,CS674,2013,7.17,NANDHI,now(),0000-00-00 00:00:00
COMPUTER ORGANISATION,1,3,1,AM PADMA REDDY,CS675,2002,795,MC GRAW,now(),0000-00-00 00:00:00
BASIC ELECRONICS,1,0,1,CARL HAMACHER,CS676,2013,8068,PEARSON,now(),0000-00-00 00:00:00
ENGINEERING MATHMATICS-3,1,3,1,R D SUDHAKAR SAMUL,CS678,2013,473,SUDHA,now(),0000-00-00 00:00:00
INFORMATION STORAGE AND MANGEMENT,1,7,1,DR KSC,CS680,2015,,WILEY,now(),0000-00-00 00:00:00
DIGITAL PRINCIPALS AND APPLICATION ,1,0,1,G SOMASUNADARAM,CS681,2004,678,TATA MCGRAW,now(),0000-00-00 00:00:00
DIGITAL PRINCIPALS AND APPLICATION ,1,0,1,DONALD D GIVONE,CS682,2015,672,PEARSON,now(),0000-00-00 00:00:00
ENGINEERING MATHMATICS-4,1,4,1,DONALD D GIVONE,CS683,2012,444,SUDHA,now(),0000-00-00 00:00:00
DIGITAL PRINCIPALS AND APPLICATION ,1,0,1,DR DSC,CS684,2011,672,PEARSON,now(),0000-00-00 00:00:00
ELECTRONIC CIRCUITS,1,0,1,DONALD D GIVONE,CS685,2012,508,FILLIP,now(),0000-00-00 00:00:00
COMPUTER ORGANISATION,1,3,1,R D SUDHAKAR SAMUL,CS686,2007,430,PEARSON,now(),0000-00-00 00:00:00
THE INTEL MICROPROCESSOR,1,4,1,L KRISHNANDA,CS687,2013,490,PEARSON,now(),0000-00-00 00:00:00
MATHAMATICS-4,1,4,1,BARRY B BREY,CS688,2016,473,SUDHA,now(),0000-00-00 00:00:00
ANALOG AND DIGITAL ELECTRONICS,1,3,1,DR KSC,CS689,2007,B-20,TECHNICAL,now(),0000-00-00 00:00:00
ADVANCED MICROPROCESSOR,1,4,1,A P GODSE,CS690,2014,211,SAPNA,now(),0000-00-00 00:00:00
MICROPROCESSOR,1,4,1,K SHASHIDAR,CS692,2008,8.25,NANDHI,now(),0000-00-00 00:00:00
DIGITAL PRINCIPLES & APPLICATION,1,3,1,A M PADMAREDDY,CS693,2007,677,TATA MCGRAW,now(),0000-00-00 00:00:00
OBJECT ORIENTED  PROGRAMMING WITH C++,1,5,1,DONALD P LEACH,CS694,2010,633,MC GRAW,now(),0000-00-00 00:00:00
COMPUTER ARCHITECHTURE,1,7,1,E BALAGURUSWAMY,CS695,2012,C-82,MORGANN,now(),0000-00-00 00:00:00
DATA STRUCTURE USING C AND C++,1,3,1,JOHN L HENNESSY,CS697,2012,8.45,NANDHI,now(),0000-00-00 00:00:00
FINATE AUTOMATA AND FORMAL LANGUAGES,1,5,1,A M PADMAREDDY,CS698,2009,791,NANDHI,now(),0000-00-00 00:00:00
INTERACTIVE COMPUTER GRAPHICS,1,0,1,A M PADMAREDDY,CS699,2009,605,PEARSON,now(),0000-00-00 00:00:00
CHEMISTRY FOR ENGINEERING STUDENT,1,0,1,EDWARD ANGEL,CS703,2014,276,SUBAS,now(),0000-00-00 00:00:00
DIGITAL PRINCIPALS AND APPLICATION ,1,0,1,JAI PRAKASH,CS704,2012,672,MC GRAW,now(),0000-00-00 00:00:00
COMMUNICATION NETWORKS,1,5,1,DONALD P LEACH,CS706,2013,871,MC GRAW,now(),0000-00-00 00:00:00
ENGINEERING MATHEMATICS-4,1,4,1,INDRA WIDIJAYA,CS708,2016,444,SUDHA,now(),0000-00-00 00:00:00
OPERATIONAL REASEARCH,1,6,1,DR KSC,CS709,2010,1038,MC GRAW,now(),0000-00-00 00:00:00
SOFTWARE ENGINEERING,1,3,1,FREDRICK S HILLER,CS710,2009,848,PEARSON,now(),0000-00-00 00:00:00
COMPUTER AS COMPONENTS,1,0,1,SOMMERVILLE,CS712,2014,497,MORGANN,now(),0000-00-00 00:00:00
COMPUTER CONCEPTS & C PROGRAMMING,1,0,1,WAYNE WOLF,CS714,2002,232,SWAPNA,now(),0000-00-00 00:00:00
